alpha,capacity_ratio,n_lru,n_lfu,lru_mean,lru_std,lfu_mean,lfu_std,lfu_minus_lru,welch_t_two_sided,welch_p_two_sided,welch_t_greater,welch_p_greater,cohen_d
0.8,0.1,6,3,0.4065433333333333,0.0020754726369351688,0.49840666666666666,0.002775974303435371,0.09186333333333335,50.67201648732298,1.0013165761271495e-05,50.67201648732298,5.0065828806357476e-06,39.98379376629071
1.0,0.05,6,3,0.5196299999999999,0.001341849469948089,0.6260133333333333,0.0014695010491092737,0.10638333333333339,105.34013046192818,1.1776132419438946e-07,105.34013046192818,5.888066209719473e-08,77.1157936856308
1.0,0.1,9,3,0.6513622222222223,0.0015643031817535998,0.7165900000000001,0.0024653802952080473,0.06522777777777777,43.0293171143231,9.86740765402155e-05,43.0293171143231,4.933703827010775e-05,36.61677221663263
1.0,0.2,6,3,0.7662216666666667,0.001183273707417975,0.79727,0.001509999999999989,0.031048333333333344,31.151468316809435,3.494411556691493e-05,31.151468316809435,1.7472057783457464e-05,24.159714790783823
1.2,0.1,6,3,0.8518283333333332,0.001234834671794842,0.8771166666666667,0.0010725825531553654,0.025288333333333468,31.66950848834495,1.1542866558298228e-06,31.66950848834495,5.771433279149114e-07,21.23758175285417
